{"cameraMode":{"drawMode":0,"name":"Shaded","section":"Shading Mode"},"sceneLighting":false,"audioPlay":false,"sceneViewState":{"m_AlwaysRefresh":false,"showFog":true,"showSkybox":false,"showFlares":true,"showImageEffects":true,"showParticleSystems":true,"showVisualEffectGraphs":true,"m_FxEnabled":true},"in2DMode":false,"pivot":{"x":-0.030776500701904298,"y":4.058228969573975,"z":0.00745081901550293},"rotation":{"x":-0.3021916151046753,"y":0.6617444157600403,"z":-0.33349186182022097,"w":-0.5996358394622803},"size":5.086106777191162,"orthographic":false}